C6H8O7,ScO(OH),Sc,Fe2O3
22612.0142,1.58658,0.0310175,1