C6H8O7,ScO(OH),Sc3+,Fe2O3,Y2O3,Al2O3,C2H2O4,TiO2,CaO
22612.0142,2.751493299,0.0310175,3722.79,1.16998,1220.41,1196.2029,376.50,954.24