C6H8O7,ScO(OH),Sc,Fe2O3,C12H22O11
22612.0142,2.751493299,0.0310175,3722.79,22000