C6H8O7,ScO(OH),Sc,Fe2O3,C2H2O4,Fe2O3,CaO,TO2,Al2O3
22612.0142,2.751493299,0.0310175,5322.642454,1196.2029,1220.41,1,376.50,1220.41