C6H8O7,ScO(OH),Sc,Fe2O3,H+,Fe
22612.0142,2.751493299,0.0310175,5322.642454,11.05184233,10.99