Day,C6H8O7,Sc3+,Fe3+,Y3+,C2H2O4,Al3+,Ca2+,Ti4+
0,22612.0142,0.0310175,10.9885,0.003402,1196.2029,166.37,158.985,14.702
1,22812.1315,0.505,38.41425,0.11265,1184.1033,214.3975,265.4675,54.046
2,23178.7002,0.35515,65.84,0.1349,1197.9573,262.425,371.95,93.39
3,23051.194,0.19065,69.75,0.1877,1224.6091,265.125,399.0625,100.97
4,22930.4781,0.11805,73.66,0.19305,1259.9626,267.825,426.175,108.55
8,28736.3901,0.0376825,84.90125,0.0105245,1514.0822,289.28125,355.19625,111
10,31628.3047,0.0229125,107.38375,0.0005,1937.2807,332.19375,213.23875,115.9
14,21412.0074,0.02342,118.625,0.0005,2450.0641,353.65,142.26,118.35
16,14274.1897,0.021695,125,0.0005,2700.546,375.10625,71.28125,120.8